 Name,Order Id,Order Date,Product Id,Sate ,City
Hasan Khan,96321,1/1/2025,101,Maharashtra,Mumbai
Saleem Khan,96325,1/2/2025,102,Arunachal Pardeah,Sangli
Shakoor Shikh,96324,1/3/2025,103,Delhi,Noida
Sameena Prveen,96326,1/4/2025,104,Utter pardesh,Lucknow
Shajahan Bi,96385,1/5/2025,105,Gujrat,Ahemdabad
Sumita Devi,96378,1/6/2025,106,Maharashtra,Mumbai
Sanjeeda Rathi,52898,1/7/2025,107,Gujrat,Ahemdabad
Suveena Mishra,78945,1/8/2025,108,Delhi,Noida
Sakina Khan,96785,1/9/2025,109,Arunachal Pardeah,Sangli
Zoya Bano,78954,1/10/2025,110,Maharashtra,Mumbai
Salma Begum,25894,1/11/2025,111,Maharashtra,Mumbai
Madiha Shakih,75345,1/12/2025,112,Arunachal Pardeah,Sangli
Suman Singh,49654,1/13/2025,113,Madhya Pardesh,Bhopal
Sanket Shukla,98574,1/14/2025,114,Delhi,Noida
Simran Saxena,45968,1/15/2025,115,Gujrat,Ahemdabad
Suleman Khan,63875,1/16/2025,116,Gujrat,Ahemdabad
Sumera Ansari,45925,1/17/2025,117,Maharashtra,Mumbai
Mustaqeen Khan,99857,1/18/2025,118,Madhya Pardesh,Bhopal
Sunita Devi,99445,1/19/2025,119,Madhya Pardesh,Bhopal
Shaizya Khan,96654,1/20/2025,120,Gujrat,Ahemdabad
